file name,file size,number of words,% negative,% positive,% uncertainty,% litigious,% strong modal,% weak modal,% constraining,# of alphabetic,# of digits,# of numbers,avg # of syllables per word,average word length,vocabulary
answers.txt,14311,2426,1.1129431162407255,2.3495465787304206,0.49464138499587795,0.0,0.2061005770816158,0.2061005770816158,0.041220115416323165,11249,23,10,1.4612530915086561,4.417559769167354,590
questions.txt,11450,1882,1.5409139213602552,1.5409139213602552,1.647183846971307,0.0,0.2656748140276302,1.381509032943677,0.10626992561105207,8872,15,7,1.4527098831030818,4.478214665249734,519
