,file name,file size,number of words,% negative,% positive,% uncertainty,% litigious,% strong modal,% weak modal,% constraining,# of alphabetic,# of digits,# of numbers,avg # of syllables per word,average word length,vocabulary,num to words
0,Al,10454,1792,0.6696428571428571,0.8928571428571428,0.8928571428571428,0.33482142857142855,0.390625,0.33482142857142855,0.27901785714285715,8121,75,29,1.4503348214285714,4.343191964285714,500,0.016183035714285716
