,file name,file size,number of words,% negative,% positive,% uncertainty,% litigious,% strong modal,% weak modal,% constraining,# of alphabetic,# of digits,# of numbers,avg # of syllables per word,average word length,vocabulary,num to words
0,[p,22892,3774,1.086380498145204,1.404345521992581,1.1128775834658187,0.2649708532061473,0.688924218335983,0.50344462109168,0.0794912559618442,16938,209,79,1.4077901430842608,4.256756756756757,875,0.020932697403285638
